[
  {
    "id": "be439cab-4cc5-40ab-96cf-f652337f8a1d",
    "data": [
      {
        "text": "i want a ",
        "userDefined": false
      },
      {
        "text": "vanilla",
        "meta": "@BreadOptions",
        "alias": "breadoptions",
        "userDefined": false
      },
      {
        "text": " cake",
        "userDefined": false
      }
    ],
    "isTemplate": false,
    "count": 0,
    "lang": "en",
    "updated": 0
  },
  {
    "id": "51f6bf2d-b784-491a-9848-a215c03c0b76",
    "data": [
      {
        "text": "cake",
        "userDefined": false
      }
    ],
    "isTemplate": false,
    "count": 0,
    "lang": "en",
    "updated": 0
  },
  {
    "id": "5b963285-d023-46cd-b327-cd0b75ba4050",
    "data": [
      {
        "text": "Do you deliver?",
        "userDefined": false
      }
    ],
    "isTemplate": false,
    "count": 0,
    "lang": "en",
    "updated": 0
  },
  {
    "id": "71a3015f-776f-45ae-99df-91a7f2fb446a",
    "data": [
      {
        "text": "Do you have cupcakes?",
        "userDefined": false
      }
    ],
    "isTemplate": false,
    "count": 0,
    "lang": "en",
    "updated": 0
  },
  {
    "id": "363b7ef0-9214-4a5f-bf0c-ec47f12f586d",
    "data": [
      {
        "text": "I want a ",
        "userDefined": false
      },
      {
        "text": "chocolate",
        "meta": "@BreadOptions",
        "alias": "breadoptions",
        "userDefined": false
      },
      {
        "text": " cake",
        "userDefined": false
      }
    ],
    "isTemplate": false,
    "count": 0,
    "lang": "en",
    "updated": 0
  },
  {
    "id": "494e784e-23ba-49dc-ba9d-8ac5be9d3bba",
    "data": [
      {
        "text": "I want a ",
        "userDefined": false
      },
      {
        "text": "vanilla",
        "meta": "@BreadOptions",
        "alias": "breadoptions",
        "userDefined": false
      },
      {
        "text": " ",
        "userDefined": false
      },
      {
        "text": "cheesecake",
        "meta": "@BreadOptions",
        "alias": "breadoptions",
        "userDefined": false
      }
    ],
    "isTemplate": false,
    "count": 0,
    "lang": "en",
    "updated": 0
  },
  {
    "id": "c8d7f331-a7e4-4fa7-81ed-0c06b28621c7",
    "data": [
      {
        "text": "I want cake",
        "userDefined": false
      }
    ],
    "isTemplate": false,
    "count": 0,
    "lang": "en",
    "updated": 0
  },
  {
    "id": "4b64460e-fa6e-4d1c-85bf-47c5fabeab79",
    "data": [
      {
        "text": "I would like to order ",
        "userDefined": false
      },
      {
        "text": "banana",
        "meta": "@BreadOptions",
        "alias": "breadoptions",
        "userDefined": false
      },
      {
        "text": " cake",
        "userDefined": false
      }
    ],
    "isTemplate": false,
    "count": 0,
    "lang": "en",
    "updated": 0
  },
  {
    "id": "c552a499-5217-4a65-9c5f-2f057288a51f",
    "data": [
      {
        "text": "Can I order a ",
        "userDefined": false
      },
      {
        "text": "carrot",
        "meta": "@BreadOptions",
        "alias": "breadoptions",
        "userDefined": false
      },
      {
        "text": " cake with white chocolate shavings on top?",
        "userDefined": false
      }
    ],
    "isTemplate": false,
    "count": 0,
    "lang": "en",
    "updated": 0
  },
  {
    "id": "46319ad7-808f-4678-bb94-8eaa38a10f97",
    "data": [
      {
        "text": "Do you have ",
        "userDefined": false
      },
      {
        "text": "red velvet",
        "meta": "@BreadOptions",
        "alias": "breadoptions",
        "userDefined": false
      },
      {
        "text": " cake?",
        "userDefined": false
      }
    ],
    "isTemplate": false,
    "count": 0,
    "lang": "en",
    "updated": 0
  }
]