[
  {
    "value": "Hamdan",
    "synonyms": [
      "Hamdan"
    ]
  },
  {
    "value": "Khalidiyah",
    "synonyms": [
      "Khalidiyah"
    ]
  },
  {
    "value": "Mushrif",
    "synonyms": [
      "Mushrif"
    ]
  },
  {
    "value": "Marina",
    "synonyms": [
      "Marina"
    ]
  },
  {
    "value": "Reem Island",
    "synonyms": [
      "Reem",
      "Reem Island",
      "Al reem"
    ]
  },
  {
    "value": "Yas Island",
    "synonyms": [
      "Yas Island",
      "Yas"
    ]
  }
]