[
  {
    "value": "Chocolate",
    "synonyms": [
      "Chocolate",
      "brown"
    ]
  },
  {
    "value": "Vanilla",
    "synonyms": [
      "Vanilla",
      "White"
    ]
  },
  {
    "value": "Red Velvet",
    "synonyms": [
      "Red Velvet",
      "red",
      "red and white"
    ]
  },
  {
    "value": "Carrot",
    "synonyms": [
      "Carrot",
      "orange"
    ]
  },
  {
    "value": "Banana",
    "synonyms": [
      "Banana",
      "yellow"
    ]
  },
  {
    "value": "Cheesecake",
    "synonyms": [
      "Cheesecake",
      "new york cheesecake",
      "strawberry cheesecake"
    ]
  }
]