[
  {
    "value": "Sprinkles",
    "synonyms": [
      "Sprinkles",
      "colorful"
    ]
  },
  {
    "value": "Strawberries",
    "synonyms": [
      "Strawberries",
      "red",
      "strawberry"
    ]
  },
  {
    "value": "Blueberries",
    "synonyms": [
      "Blueberries",
      "blueberry",
      "blue"
    ]
  },
  {
    "value": "Chocolate Shavings",
    "synonyms": [
      "Chocolate Shavings",
      "chocolate",
      "choco"
    ]
  },
  {
    "value": "White Chocolate Shavings",
    "synonyms": [
      "White Chocolate Shavings",
      "white chocolate",
      "white"
    ]
  }
]